refl,tran
0.033354226875,0.012204704000606062
0.03318707618749999,0.013622050787878787
0.033442406875000004,0.012087347515151517
0.034084016875000005,0.019942910781818174
0.03458376125,0.015157710181818176
0.03462896750000004,0.01642998363636363
0.034706693749999976,0.017238991842424244
0.03483074875000001,0.01507961290909092
0.035118400625000004,0.010918643878787876
0.03550572500000001,0.012184272848484851
0.03569424375000001,0.012530313521212125
0.035708068750000016,0.012504970666666664
0.03565020625000002,0.012289572000000004
0.036018162500000006,0.011815310642424246
0.03632901874999999,0.011735082121212125
0.036536443749999994,0.011806510484848484
0.03685750625,0.012099428848484845
0.03731156249999999,0.01278121963636364
0.03747531250000003,0.01260821027878788
0.03732835624999999,0.011864251569696968
0.03756136250000001,0.01154863254545455
0.03784968750000002,0.011596554205454548
0.03803216250000001,0.011864090178787885
0.0382500125,0.012237155103030304
0.038545131249999996,0.012321481090909095
0.03880245000000001,0.012363586363636363
0.039011556249999996,0.012401533503030304
0.03908236875000003,0.012477144181818181
0.03917774375000001,0.013031812909090912
0.039405143749999975,0.01354825993939394
0.03961206875000001,0.013290543575757569
0.039704318749999995,0.013781784909090907
0.03975715624999998,0.013989815690909096
0.039764387500000005,0.014112034121212121
0.03965888749999998,0.01430941327272727
0.039651456250000015,0.014457645636363632
0.039748525000000014,0.014807162751515144
0.03984583125000002,0.015286004181818186
0.03988799999999999,0.01574535303030303
0.03994684375,0.016213124509090897
0.04001086250000001,0.016734530606060612
0.03997763124999999,0.01724744333333334
0.03997879375,0.017662763612121213
0.04012225625000002,0.018030086545454554
0.040284187499999985,0.01828095154545455
0.04040355,0.018413859575757564
0.04050511249999999,0.01887805860606062
0.04055550624999999,0.019288660969696975
0.04053976875,0.019590285151515154
0.04048596250000001,0.019943293393939392
0.04059255625000001,0.02008157206060607
0.04069531249999998,0.020304578242424237
0.040740018750000016,0.02057397454545454
0.040856775,0.020910975090909095
0.04092184375,0.021245688515151514
0.04093693124999999,0.02159401781818181
0.04094093125,0.021715688181818175
0.040955006250000016,0.02199176993939395
0.04103621875000001,0.022291103818181817
0.04110350625,0.022534335636363645
0.041118537499999996,0.022803615090909102
0.041147268750000014,0.023021820848484857
0.041159025,0.02323605206060606
0.041182224999999975,0.023513408909090903
0.04118466250000001,0.023749316363636364
0.041175668750000005,0.023954801878787894
0.04116757500000002,0.024150671575757572
0.04117212500000001,0.02433433303030303
0.041176718750000015,0.024553204000000012
0.041205612499999995,0.024801162000000015
0.041255793750000005,0.02501468254545455
0.04126403124999999,0.02516230624242427
0.041210125,0.025347529454545457
0.041121331250000004,0.02556242848484849
0.04105929999999998,0.025747537696969688
0.04105041874999999,0.0259699430909091
0.041057168750000005,0.026220791575757588
0.041084981249999986,0.026508528181818203
0.04113908750000001,0.02684982176969695
0.04115259375000001,0.02716759039393938
0.04111623750000001,0.02753482327272726
0.041099368750000025,0.027964680060606054
0.041160431250000004,0.028455864606060602
0.04124653749999998,0.029021201090909075
0.04135109375,0.029625878606060616
0.041476331250000005,0.030310725939393924
0.04161576875,0.031128449363636387
0.04177448125,0.03204158193939395
0.041974199999999975,0.03303179175757575
0.04221982499999999,0.03410791599999998
0.04252854374999998,0.03531085272727271
0.042908768750000006,0.03663259212121211
0.04333789374999998,0.038082814545454556
0.04380113124999998,0.039670221818181806
0.042527593749999974,0.02972573527272729
0.04265061875,0.03022823703030302
0.04275533749999999,0.030818296060606067
0.04287997499999998,0.03149227884848485
0.042970843750000015,0.032233989696969674
0.043109837499999984,0.03309522363636363
0.04332315625000003,0.03403460242424241
0.043533206250000005,0.0350705781818182
0.043709156250000006,0.03620850848484848
0.04386968749999996,0.03747974181818181
0.04408816875000001,0.038852982424242434
0.04446389375000001,0.04032360363636366
0.04488581249999999,0.04197550666666667
0.045349274999999994,0.04378870424242424
0.045924131250000014,0.045727776363636397
0.04656615624999999,0.04781160303030302
0.04723253124999999,0.050018860606060596
0.04796612499999999,0.052345840000000005
0.04882138749999998,0.05490236787878788
0.04976310000000002,0.05763264303030304
0.05082416250000003,0.06051366060606065
0.0520213875,0.06361409090909094
0.05331358125,0.0668774121212121
0.05469380625000002,0.07028022424242425
0.056219162499999996,0.0738705090909091
0.057889356250000024,0.07764508484848488
0.05975806249999999,0.08158144848484848
0.0617387,0.08561497575757578
0.0637873375,0.08975006060606054
0.06600753750000003,0.0939906606060606
0.06831378125000002,0.09832303030303027
0.07072190000000002,0.10272729090909093
0.07322227499999999,0.10718639393939394
0.07579290000000001,0.11160033939393936
0.07840475625,0.11599526060606061
0.0810650375,0.12039821818181816
0.08371667500000002,0.12470046060606063
0.08630793749999999,0.12889686666666664
0.08887592500000005,0.13301074545454553
0.09149905,0.13698581818181815
0.09412923124999997,0.1407633151515151
0.09663718750000003,0.14438364848484847
0.09901489374999997,0.14784232121212118
0.10124376875,0.1510604787878788
0.10334174374999998,0.15405976363636373
0.10534884999999994,0.15685476363636372
0.10723002499999998,0.1594537393939394
0.10899063750000007,0.16184592121212124
0.11060704374999994,0.16405603030303031
0.1120600625,0.16606364848484845
0.11338770624999998,0.1678538242424243
0.11459125000000003,0.16952465454545448
0.11568078125000007,0.17105438181818183
0.11669181249999998,0.1724157757575758
0.11766963124999999,0.1736881454545454
0.11857431249999999,0.1748983515151516
0.11939330625000003,0.1760152060606061
0.12014286875000006,0.17705227272727275
0.12084281250000002,0.17805551515151524
0.12150193750000005,0.17898826060606066
0.12212401250000002,0.17984435757575756
0.12270672500000002,0.18062109696969703
0.12319529999999997,0.18134227272727274
0.12360396249999997,0.18200606666666674
0.12395964374999997,0.18260690909090907
0.12428266875000002,0.18314820606060603
0.12452099999999999,0.1835804666666667
0.12467147500000002,0.18390491515151516
0.12475231249999996,0.1841426545454546
0.12476780000000003,0.18425967272727278
0.12465625624999994,0.18424820606060613
0.12440235624999998,0.18409975151515143
0.12406344999999992,0.18382379393939385
0.12360250624999991,0.18338504848484843
0.12304033749999996,0.18277007878787876
0.12237595624999995,0.18199377575757572
0.1215604312499999,0.1810701939393939
0.12062832499999995,0.1799935272727273
0.11958091874999996,0.17875984242424248
0.11843698124999998,0.17739871515151523
0.11724707499999995,0.17593155757575762
0.11599676875000005,0.1743600848484848
0.11468876250000001,0.17273650303030297
0.11334951874999996,0.1710485757575758
0.11201354375000001,0.16932393939393944
0.11066878749999998,0.16759159999999992
0.10932723124999996,0.16583913333333333
0.10802577500000002,0.1640961818181818
0.10676983125000009,0.16235744848484845
0.10554677500000002,0.16064366666666668
0.10436379375000002,0.15899800606060607
0.10323543750000001,0.1574180181818182
0.10217791875000004,0.1559092606060606
0.10118470625,0.15448857575757577
0.10025126875000005,0.15314518181818176
0.09940776249999997,0.1518764363636364
0.09863306875000002,0.15068864242424237
0.09793250625000002,0.14959284848484838
0.09730561875,0.14860447272727279
0.09673825,0.14773524848484854
0.09622156249999998,0.14694139393939404
0.0957679,0.14621447878787877
0.09537947499999996,0.1455545454545455
0.09503688125000002,0.14493510303030302
0.09471996249999999,0.1443801878787879
0.09442311874999998,0.1439136727272727
0.09415633125000002,0.14348704848484847
0.0939271125,0.14308429696969693
0.09372213124999998,0.14270576969696966
0.09354143125000002,0.1423582424242425
0.09335806874999995,0.1420279454545455
0.09315116874999999,0.1417003575757576
0.09295315000000001,0.14138810909090913
0.09278121875,0.14103350303030301
0.0926024,0.14066524242424236
0.09237971875000002,0.14027839393939398
0.09213544374999998,0.13983707878787882
0.09187808125000005,0.13935809696969695
0.09158410000000003,0.13880755757575755
0.09124660624999996,0.13819501818181823
0.09087210625000003,0.13753421818181819
0.09045045,0.13681329090909086
0.08998431874999999,0.13601398787878777
0.08948476875000003,0.1351497393939394
0.08897201250000002,0.13423554545454536
0.08845768125000003,0.13327719393939394
0.08791413750000004,0.13228734545454543
0.08735995,0.13128627272727267
0.08679248125000001,0.130296
0.08623598125000001,0.12931765454545455
0.08571765000000005,0.12834621818181818
0.08523566875000001,0.12741668484848487
0.08477759374999999,0.1265435636363636
0.08434283124999999,0.12574352121212118
0.08394265624999996,0.12502976969696966
0.08361444999999997,0.12438938787878791
0.08335059375,0.12383169696969697
0.083139625,0.12336453939393942
0.08297246874999997,0.12296750909090907
0.08283528750000003,0.12264518181818175
0.08273277500000001,0.12240478787878784
0.08265660000000004,0.12221078787878786
0.08259023125,0.12201073939393939
0.08252788124999998,0.12182450909090906
0.08244989375000003,0.12164951515151513
0.0823510875,0.12140318787878779
0.08221526875,0.12105816969696968
0.08204363749999996,0.1206210545454545
0.08181683750000003,0.12006275757575759
0.08151941250000003,0.11938296969696977
0.08116611875000004,0.1185614545454546
0.08074258125000001,0.11757789696969695
0.08025822499999999,0.11643228484848489
0.07974196249999996,0.11515294545454542
0.07919160000000003,0.1137819696969697
0.07859695624999997,0.11230349090909088
0.07795843125,0.11074266666666666
0.07729883749999998,0.1091392484848485
0.07662722499999998,0.10750799393939398
0.07597510624999998,0.10586127272727273
0.07534510000000001,0.10423031515151515
0.07471754374999998,0.10262670909090907
0.07409311249999997,0.10105376363636365
0.07348393125000004,0.0995160848484849
0.07291200625000001,0.09800999393939397
0.07238028124999996,0.09653472121212121
0.07185423125000001,0.09509157575757574
0.07133501249999998,0.09365999393939392
0.07084558749999999,0.09223303636363636
0.07036365624999999,0.09081616363636362
0.06988001874999997,0.08939607272727272
0.06938323125000002,0.08794652121212124
0.06890428124999998,0.08646126666666672
0.06843846249999999,0.08496202424242424
0.06795354374999998,0.08341330909090913
0.06744997500000001,0.08179643030303031
0.06694841874999999,0.08013618181818181
0.06646812499999998,0.07845781818181818
0.06599421250000001,0.07675644848484849
0.06553403124999999,0.07502697575757575
0.06512399374999998,0.0733032909090909
0.06475742499999998,0.07162063030303033
0.06443870000000003,0.06998919393939393
0.06418335625,0.06843279393939392
0.06396881875,0.06697433454545453
0.06380186874999998,0.06560845636363638
0.06372763750000002,0.06437300545454545
0.063752875,0.06332245757575758
0.06386190625,0.062466124848484864
0.06406225625,0.061816046060606054
0.06434938124999998,0.06142730424242425
0.06470376875000003,0.06133109393939395
0.06513927500000001,0.061574067878787865
0.06567901250000001,0.06220718848484847
0.06633093125000003,0.06325332848484849
0.06710986875000004,0.06477613696969699
0.06803400000000001,0.06684281575757578
0.06911592499999997,0.06947525818181818
0.07040986875000002,0.07272703636363635
0.07194540624999998,0.0766373696969697
0.07377758125,0.08122363030303029
0.07593785,0.08650449090909086
0.07848878124999996,0.09249560606060604
0.08143797500000002,0.0991961272727273
0.08479810625000003,0.10658001212121211
0.08862833749999999,0.11461865454545452
0.09295471250000001,0.12328199393939394
0.0977691125,0.13250624848484852
0.10305766249999997,0.14221720000000004
0.10880701875000003,0.15233436969696967
0.11500501874999995,0.16278133939393935
0.12162740625000001,0.173471509090909
0.12860501250000006,0.1842983030303031
0.13591635625,0.19518130303030307
0.14353511250000006,0.20603832121212132
0.15143282500000005,0.21679000606060614
0.15955420625000002,0.22739630303030303
0.16781223750000002,0.23779806060606057
0.17616401249999988,0.24792818181818183
0.18457375,0.25776436363636357
0.19300062499999998,0.2672996969696969
0.20139349999999995,0.2765087272727274
0.2097034374999999,0.28540133333333345
0.21791550000000015,0.29397987878787885
0.2260044375000001,0.30223496969696984
0.23396881250000004,0.3102024242424241
0.24181843750000004,0.31792066666666674
0.249498125,0.3253504848484849
0.257054625,0.33255399999999985
0.2644836875,0.3395095757575758
0.27181318749999994,0.3462709696969698
0.27902087499999995,0.3528481818181818
0.28613143750000003,0.35925581818181823
0.293125875,0.3654969696969698
0.2999849999999999,0.37155806060606056
0.30672443750000006,0.377451090909091
0.3133321875000001,0.3831769696969698
0.3197965625,0.3887190909090909
0.32609612500000007,0.39407466666666674
0.3322185625000001,0.3992401212121213
0.338167,0.40422078787878785
0.3439321249999999,0.4090091515151513
0.34947412499999997,0.4135945454545454
0.3548074375,0.4179809696969697
0.35993506249999985,0.42216357575757596
0.36484406249999984,0.4261378787878785
0.3695193125,0.4299230303030301
0.37395999999999996,0.4335095757575757
0.3781715000000002,0.43689327272727263
0.3821372500000003,0.44005915151515157
0.385888375,0.4430525454545456
0.3893956875000003,0.4458642424242422
0.3926735000000002,0.4485060606060605
0.39575493749999974,0.4509867878787881
0.3985883749999998,0.45325854545454547
0.40120625,0.4553578181818186
0.40362500000000007,0.45730715151515194
0.4058243749999998,0.45907975757575764
0.4078521874999999,0.46071824242424236
0.4097053125,0.4622196969696969
0.41140606250000006,0.46361515151515165
0.4129354375,0.4648726666666667
0.41431081249999996,0.4660195757575758
0.4155373749999998,0.46705739393939394
0.41662462499999986,0.4679890303030302
0.4175913749999999,0.46883175757575785
0.418456625,0.46958600000000034
0.41921656250000006,0.4702652727272729
0.4198731874999999,0.47087981818181845
0.4204403124999998,0.47142890909090945
0.42092637499999996,0.47191503030303045
0.4213541874999998,0.47235042424242435
0.42171724999999965,0.47273818181818184
0.4220209375,0.47308006060606056
0.42227981249999996,0.4733873333333334
0.42249806250000005,0.47366606060606076
0.42268037499999994,0.47391787878787894
0.42283124999999994,0.4741418181818181
0.4229325625000002,0.4743208484848485
0.42302312499999983,0.47450945454545457
0.42310900000000007,0.4747091515151516
0.42316393750000003,0.47487587878787874
0.4232131875000002,0.47502660606060604
0.42324006249999996,0.4751584848484848
0.4232203124999999,0.4752494545454545
0.4232106875,0.4753548484848487
0.42319581250000005,0.4754635151515152
0.42317793749999993,0.47556521212121206
0.423162375,0.4756621818181815
0.42315249999999993,0.4757612727272724
0.42313362500000007,0.4758521818181815
0.42310956249999976,0.4759455151515151
0.4230887499999999,0.47605048484848456
0.4230655624999999,0.4761598787878787
0.4230470625000001,0.4762684242424244
0.4230412499999999,0.47637333333333365
0.4230421250000001,0.4764798181818182
0.42303375,0.47659581818181823
0.4230241250000001,0.4767098787878791
0.42301406249999995,0.4768232727272727
0.42301206249999995,0.4769406060606061
0.42302300000000004,0.47705624242424255
0.42302937500000015,0.4771713333333333
0.42304781249999995,0.47731333333333337
0.42305837499999993,0.4774505454545457
0.4230527500000001,0.47756103030303043
0.4230509375000002,0.47767181818181825
0.42302431249999994,0.4777663636363636
0.423024,0.4778857575757577
0.4230444375000002,0.4780338787878789
0.42304762500000004,0.4781592727272726
0.42305687500000005,0.4782778181818182
0.4230617499999999,0.47839078787878747
0.4230580625000001,0.478508606060606
0.42305543749999985,0.47863454545454526
0.42306218750000024,0.47876606060606075
0.42305737499999996,0.47889490909090915
0.42305706249999997,0.4790196969696968
0.4230735,0.4791450909090907
0.42308856250000026,0.47927624242424277
0.42309287500000003,0.4794018181818186
0.4230965624999999,0.4795262424242425
0.42310218749999995,0.4796559393939396
0.4231094999999997,0.4797862424242423
0.42312937500000014,0.47991509090909085
0.4231576875,0.4800439393939394
0.4231671875000001,0.48015545454545466
0.42318168750000024,0.4802968484848486
0.4232131874999999,0.4804581818181818
0.4232515,0.4806099393939395
0.4232885624999999,0.4807490909090909
0.42332006250000004,0.4808849696969694
0.423337875,0.4810188484848484
0.4233418125000002,0.4811423636363634
0.42330049999999986,0.48120533333333304
0.42327118750000003,0.4812713939393938
0.4232615625000003,0.48136351515151526
0.4232661875,0.4814732121212122
0.42329625000000004,0.48159569696969673
0.4232844374999999,0.48167442424242435
0.42327318750000015,0.4817532121212121
0.4232634999999999,0.4818300606060606
0.42324181250000015,0.48189484848484854
0.4232406249999999,0.4819955757575757
0.4232518124999999,0.48211084848484836
0.4232620625,0.4822061212121211
0.423237875,0.48226684848484885
0.4232420000000001,0.4823415757575756
0.4232774375000002,0.4824464848484849
0.42332256249999994,0.48258090909090917
0.42336199999999985,0.4827008484848483
0.42337681250000003,0.4828008484848487
0.42339624999999986,0.4829136363636364
0.42341012499999986,0.48300745454545474
0.4234459374999999,0.48310951515151507
0.42346456250000014,0.4832027878787878
0.42349231250000036,0.4833328484848484
0.42357837499999984,0.4835351515151514
0.4236482500000001,0.483691818181818
0.42370874999999986,0.48382618181818177
0.4238057499999998,0.4840184848484847
0.42383712500000004,0.4841664242424239
0.42382043749999976,0.48424478787878755
0.42380650000000014,0.48432218181818204
0.4237701249999997,0.48438484848484853
0.42378850000000023,0.4844945454545455
0.423778125,0.48458151515151515
0.42376618749999995,0.48467739393939396
0.4237651249999998,0.48477551515151535
0.4237593749999998,0.4848641818181819
0.4237746874999999,0.48497327272727325
0.4237923750000002,0.485081696969697
0.42380762500000024,0.48518703030303034
0.4238298750000002,0.4853236363636363
0.42384587500000015,0.48543448484848484
0.423853,0.48551654545454553
0.42384568750000007,0.4856048484848484
0.4238749375000001,0.4857326060606059
0.4239038749999998,0.48584369696969704
0.4239455624999999,0.48596024242424235
0.4239429374999998,0.48603830303030293
0.4239271874999996,0.48611224242424245
0.42393874999999986,0.48619969696969706
0.4239772499999999,0.4862962424242423
0.4240058750000001,0.4863982424242426
0.4240265000000002,0.4865086060606061
0.4240726875000001,0.4866489696969696
0.42411762500000005,0.48677193939393953
0.42413243750000007,0.4868429090909087
0.42415975,0.4869403636363635
0.4241743750000002,0.4870395151515154
0.4240872500000001,0.48703084848484873
0.4240324999999999,0.48705060606060613
0.4239981249999999,0.48712078787878765
0.4239621250000001,0.4871902424242425
0.4239708124999998,0.4872738787878791
0.4239545624999998,0.48734290909090894
0.4239738125000002,0.48744909090909105
0.423996875,0.4875575757575757
0.4239774999999999,0.48763242424242415
0.42396362499999996,0.4877134545454546
0.4239321874999999,0.4877949696969698
0.4238897500000002,0.48787696969696936
0.4238553125000001,0.48796357575757554
0.4238163750000001,0.48803084848484835
0.4237747500000002,0.48809963636363635
0.42373631250000016,0.488175515151515
0.4237080625000001,0.4882486060606059
0.42367874999999994,0.48830751515151516
0.42363693749999987,0.4883773333333333
0.4235810625,0.4884395757575754
0.4235834374999997,0.4885250303030303
0.42356475000000005,0.4885880000000003
0.423554375,0.48868933333333325
0.42351281249999995,0.48875921212121226
0.4235005625,0.48882903030303015
0.4234836875000001,0.4889002424242424
0.4234643125,0.488973212121212
0.42344681250000027,0.48904575757575774
0.42344856249999996,0.4891391515151515
0.42344181250000024,0.48920593939393947
0.42341331249999986,0.48926454545454545
0.423387625,0.48934157575757586
0.4233591875,0.4893964848484847
0.4233565625,0.4894555151515154
0.42337831250000024,0.4895148484848486
0.42337925,0.48956975757575777
0.42333537500000007,0.4896150303030303
0.423289125,0.489658181818182
0.4232421250000001,0.4896961212121209
0.4231998124999998,0.4897352727272726
0.4231475000000001,0.4897727878787879
0.4231283125,0.48981575757575746
0.4230984999999999,0.48984745454545475
0.42303612500000015,0.48986787878787913
0.42297818749999994,0.48990333333333347
0.4229232500000001,0.48993745454545456
0.4228918125000001,0.4899566666666666
0.4228593749999999,0.4899658181818182
0.4228004999999996,0.48998127272727277
0.42278443750000017,0.49001448484848487
0.4227779374999999,0.4900453939393935
0.42271468749999974,0.4900609090909091
0.4226535000000001,0.49010624242424233
0.4225995625,0.4901058181818183
0.4225546875,0.49011248484848513
0.42248943750000006,0.49014303030303064
0.4224044375,0.4901618181818179
0.42232325000000015,0.4901517575757576
0.42223187499999987,0.490131272727273
0.42209906250000007,0.49009187878787897
0.4219536875,0.49007248484848465
0.421805125,0.4900253333333331
0.42168656249999986,0.4899883636363635
0.42156543749999986,0.4899523636363638
0.4214294374999999,0.48988448484848485
0.4212613124999998,0.48979327272727263
0.42105349999999986,0.4897053333333332
0.4208887499999997,0.4896265454545452
0.42074418750000026,0.4895312727272728
0.4205733749999999,0.48939733333333335
0.42037331250000004,0.48925521212121226
0.4201968749999997,0.48911775757575743
0.42002325,0.48898696969696964
0.4198065000000001,0.48886527272727276
0.4195954999999999,0.48872309090909044
0.4193919999999999,0.48855836363636385
0.4191939999999999,0.48837727272727255
0.41897993749999995,0.48819460606060605
0.41874656250000025,0.48802145454545437
0.41856,0.4878619393939391
0.41837012499999987,0.4877717575757575
0.41814231249999995,0.48763466666666677
0.4180089999999998,0.4874720606060604
0.41791875,0.48732242424242395
0.4177639374999999,0.48726303030303025
0.4175528749999999,0.48716115151515144
0.4174034999999997,0.48703654545454544
0.41723056250000035,0.48695812121212123
0.41704725,0.4869173333333332
0.41694974999999995,0.4868713333333333
0.41685050000000007,0.48682393939393936
0.41674831249999994,0.48677981818181815
0.41671231250000007,0.4867801212121212
0.4167187500000001,0.4867792727272729
0.41665550000000007,0.4868238787878789
0.41658912500000006,0.4868914545454546
0.41656543749999997,0.4869456363636362
0.41660674999999997,0.4869251515151518
0.4166213749999998,0.4869467272727274
0.4165604374999997,0.48687387878787874
0.41653100000000015,0.48684109090909106
0.4165654999999998,0.4868435151515149
0.4165538125000001,0.48684278787878804
0.4164925624999999,0.4868736969696973
0.4165008750000001,0.4868592121212121
0.41652156249999994,0.4868763636363635
0.4165081249999999,0.4870882424242425
0.41657099999999997,0.48713072727272744
0.41656662499999975,0.48713666666666655
0.41653287499999997,0.48723351515151525
0.4165493749999998,0.48729575757575766
0.41656831250000004,0.48726248484848483
0.4166350624999998,0.48726303030303036
0.41662487499999984,0.48730557575757605
0.41656781249999997,0.48736278787878806
0.41653975,0.48735806060606035
0.4165587500000002,0.487391393939394
0.4165201874999999,0.487456303030303
0.41652806249999996,0.4874950909090909
0.4165731875000002,0.48751969696969694
0.4165697500000002,0.48757072727272716
0.41660700000000006,0.4876458787878789
0.4166855000000001,0.4877312727272727
0.416729875,0.48780909090909075
0.4167178749999999,0.48789890909090927
0.41677462499999984,0.4879541212121211
0.41686037499999984,0.4879722424242423
0.4169161874999999,0.4879833939393939
0.41693774999999994,0.488057515151515
0.4169773125,0.48806036363636346
0.4170668124999998,0.4881253333333334
0.41715468749999995,0.4882166060606063
0.4172278749999999,0.4883330909090911
0.4173461875,0.48849600000000004
0.4174918125000002,0.4886554545454547
0.41760224999999995,0.4888695757575756
0.4177064375,0.4890978787878787
0.4178394999999999,0.48910387878787864
0.4178663750000002,0.4892301818181815
0.41791881249999985,0.48942496969696964
0.41803218750000015,0.48954248484848456
0.41809968749999965,0.48966951515151497
0.4181724375,0.4898103636363637
0.41824875000000017,0.4899522424242426
0.4183109375,0.4900998787878787
0.4183474374999999,0.49024818181818186
0.41837518749999986,0.49039521212121195
0.4184071875,0.4905508484848483
0.4184449374999999,0.4907042424242426
0.41848899999999983,0.4908545454545454
0.41853918750000013,0.4910032727272724
0.418591,0.49114551515151483
0.418629,0.49128121212121223
0.41865756249999997,0.4914079999999996
0.4186901249999999,0.4915321818181814
0.41870499999999994,0.4916667272727272
0.41871481250000003,0.4917906666666668
0.4187326874999999,0.49190951515151526
0.41876612500000004,0.4920247878787876
0.4188127500000003,0.4921261212121214
0.41888468749999996,0.49221618181818166
0.41896393750000016,0.4923368484848484
0.4190399374999999,0.49247187878787885
0.4191096874999998,0.49260842424242396
0.4191653125000001,0.49275315151515153
0.4192102499999999,0.4928758787878789
0.4192483750000001,0.4929769696969698
0.41927168750000005,0.4930729696969697
0.4192990624999998,0.49316472727272737
0.41934274999999993,0.4932536969696968
0.4194012500000001,0.4933387878787878
0.4194683125000003,0.49342806060606076
0.41953337500000004,0.4935111515151519
0.41958206249999996,0.49358387878787885
0.41961281249999993,0.49365836363636356
0.41963775000000014,0.4937261818181822
0.4196805,0.49379563636363655
0.41972843750000005,0.49387030303030305
0.4197713125,0.49393878787878787
0.4198076249999999,0.49400369696969704
0.41983431250000003,0.4940667272727273
0.4198508750000001,0.4941367272727272
0.41986137499999987,0.49420278787878785
0.41986956250000007,0.4942571515151516
0.4198789374999999,0.4943138181818181
0.4198836249999999,0.49437969696969697
0.4198948749999999,0.4944356969696969
0.41991131249999986,0.49449678787878765
0.41992281249999985,0.4945723636363638
0.41993037499999974,0.49464357575757567
0.419929125,0.4947152121212122
0.41990443750000006,0.4947951515151515
0.4198722499999998,0.49486266666666656
0.4198446249999998,0.49492351515151517
0.4198200624999998,0.49498630303030305
0.41980799999999974,0.495036181818182
0.4198019375000001,0.49508175757575756
0.41979724999999996,0.4951334545454545
0.4197879375000001,0.49517599999999995
0.41977362499999993,0.49521496969696943
0.41976143749999995,0.49526024242424227
0.4197481875000001,0.49530248484848505
0.41972324999999977,0.49532757575757586
0.41969449999999997,0.49534909090909085
0.4196731875000002,0.49537703030303043
0.41965318750000014,0.4954072121212121
0.41963368749999985,0.4954448484848485
0.4196166249999999,0.49548478787878775
0.41959537499999994,0.49551951515151493
0.41956900000000025,0.4955410303030301
0.41954175000000016,0.4955586666666669
0.4195134999999999,0.49557424242424253
0.4194864374999999,0.49557254545454527
0.41945387500000014,0.4955687272727273
0.41941675000000006,0.49556927272727286
0.41937700000000017,0.4955636363636364
0.4193291874999999,0.49555975757575754
0.41927962500000004,0.4955667272727273
0.4192298750000001,0.4955790909090911
0.4191795000000001,0.49557642424242426
0.4191275624999998,0.49556957575757593
0.4190762500000001,0.4955550303030302
0.4190206875000001,0.4955344242424243
0.41896225000000004,0.4955258181818182
0.41890262499999986,0.4955218787878788
0.41883787499999975,0.4955163030303029
0.41877406250000015,0.4955104242424245
0.4187071249999998,0.4955044242424241
0.41863987500000005,0.4955042424242425
0.41857525000000007,0.49551581818181784
0.4185003750000001,0.4955352121212119
0.4184208750000001,0.49555321212121184
0.4183456875000001,0.4955628484848484
0.41827375,0.4955675151515152
0.418202875,0.49556993939393956
0.4181331249999999,0.4955664848484847
0.41805800000000015,0.4955551515151515
0.41797087500000013,0.49554333333333345
0.41787824999999995,0.49552133333333337
0.41778031249999986,0.4954905454545455
0.41768249999999985,0.4954582424242424
0.41758693749999987,0.4954138787878788
0.41748762500000003,0.49536296969696963
0.4173841249999999,0.49531048484848483
0.41727668750000013,0.4952454545454545
0.4171603750000001,0.49517436363636386
0.4170335624999999,0.4951012121212121
0.41689250000000005,0.4950161818181816
0.41673831250000004,0.49491278787878784
0.4165696875,0.49478527272727285
0.4163848124999999,0.4946399393939393
0.4161781874999999,0.4944725454545456
0.4159515,0.49428145454545425
0.4157053750000002,0.4940730303030302
0.4154329999999999,0.4938473333333334
0.4151385625,0.49360042424242406
0.41482675,0.4933309090909092
0.41448431250000023,0.4930449696969695
0.4141159375000001,0.49274012121212124
0.4137117499999999,0.492405090909091
0.4132730624999998,0.49204145454545456
0.41281718749999996,0.49164848484848517
0.4123383124999999,0.49122854545454575
0.41183725000000004,0.4907936969696971
0.41131881249999996,0.490347393939394
0.41078487500000016,0.4898902424242423
0.4102346249999999,0.48942660606060634
0.4096706250000001,0.48895533333333335
0.4091052500000002,0.4884678181818179
0.40854293749999987,0.48797321212121203
0.4079828124999998,0.48747836363636365
0.40742449999999997,0.48698442424242433
0.40687075000000006,0.4865096363636365
0.40632756249999985,0.4860531515151516
0.40579599999999993,0.48561224242424234
0.4052818125,0.4851931515151515
0.40478812500000005,0.48478763636363614
0.40431331250000013,0.4843980606060606
0.40386587500000015,0.4840272727272729
0.40344837500000014,0.4836764848484849
0.40305424999999995,0.48334957575757626
0.402685375,0.4830413333333336
0.4023436249999997,0.48276078787878796
0.4020291249999999,0.48250672727272725
0.4017382500000001,0.4822775151515149
0.4014776875000002,0.48207769696969716
0.401259375,0.481925212121212
0.401050125,0.48178575757575753
0.400851875,0.48165799999999986
0.4006623749999999,0.4815361212121212
0.400488375,0.4814199393939395
0.4003296249999999,0.48131260606060594
0.40017774999999983,0.4812133333333332
0.40003874999999994,0.4811284242424243
0.39990843750000027,0.48106018181818144
0.399783,0.4809933333333333
0.39966625000000017,0.4809234545454545
0.3995466250000001,0.4808518787878786
0.39942543750000026,0.4807782424242422
0.3993040625000001,0.48070551515151533
0.39917581250000006,0.4806345454545454
0.39904518749999995,0.48056957575757536
0.39891231250000025,0.4805113333333333
0.39877975000000004,0.48044884848484853
0.39865162499999995,0.48038848484848456
0.39852556250000004,0.4803372121212122
0.3983991874999999,0.48028654545454563
0.39827943750000006,0.4802404242424242
0.3981678750000002,0.48019678787878795
0.39806018749999983,0.4801564242424241
0.39795487500000004,0.4801190303030301
0.39785712500000014,0.4800859393939396
0.39776612499999986,0.48006042424242434
0.39767912499999986,0.4800407272727276
0.3975995,0.4800350303030305
0.3975348124999999,0.48004848484848467
0.39748306249999976,0.48007072727272737
0.3974205624999999,0.48007630303030313
0.39736487499999995,0.480086303030303
0.39731856249999986,0.4801014545454547
0.3972815625000002,0.4801185454545456
0.39724474999999987,0.4801483030303028
0.39721637499999984,0.48019303030303045
0.39720243749999995,0.4802509696969699
0.39719431250000004,0.4803146666666665
0.39719649999999984,0.4803781818181818
0.39720775000000014,0.4804441212121215
0.3972162499999999,0.4805146060606062
0.3972237500000001,0.4805843636363638
0.3972356250000001,0.48065745454545455
0.39725025000000014,0.4807318181818181
0.3972757499999999,0.48081060606060666
0.3973163749999998,0.4808961212121213
0.3973719375,0.48098581818181824
0.39744168750000003,0.481085393939394
0.39751456249999995,0.48119315151515174
0.3975887499999999,0.4812986666666666
0.3976664375,0.48140884848484844
0.3977436875,0.48152539393939375
0.39781956250000006,0.4816424848484849
0.3978988124999999,0.4817577575757578
0.39798362500000023,0.481876606060606
0.39807268750000013,0.4819995151515152
0.3981646874999999,0.48212769696969676
0.39826793750000017,0.4822647272727274
0.39837631250000016,0.4824017575757575
0.39848581250000026,0.4825372727272726
0.3986048124999998,0.48267696969696927
0.39872793749999985,0.48281836363636355
0.3988538124999999,0.4829653939393939
0.39897543750000003,0.48311563636363636
0.39908731249999985,0.4832714545454548
0.39919768749999995,0.4834299393939394
0.39930531249999995,0.4835886060606062
0.39940581250000007,0.4837430909090905
0.399502875,0.4838950303030303
0.3995966875,0.4840376363636365
0.39968456250000023,0.4841729696969697
0.39976618750000004,0.48430533333333337
0.3998515624999999,0.4844411515151518
0.3999400624999997,0.48457793939393945
0.4000298750000001,0.48471533333333355
0.4001175625000002,0.484848
0.4001992499999999,0.48496927272727264
0.4002747499999999,0.4850861212121212
0.40033937500000005,0.485204666666667
0.40039806250000015,0.48532618181818177
0.40045918749999976,0.4854550303030303
0.4005185,0.48558290909090934
0.4005761249999999,0.4857017575757576
0.4006373750000001,0.4858129090909092
0.4006986250000001,0.4859224848484849
0.4007483125000002,0.486027393939394
0.4007963750000001,0.48612842424242436
0.4008486874999999,0.48622406060606077
0.4008955,0.4863135151515151
0.40094193749999996,0.48640030303030324
0.4009890625,0.4864892121212121
0.401029,0.4865802424242422
0.40105462500000016,0.48667090909090893
0.40106625000000007,0.48675224242424253
0.4010935625,0.48684612121212106
0.40110093750000003,0.48691090909090917
0.40110712500000006,0.486972606060606
0.4011139999999999,0.4870324242424242
0.40111775000000016,0.48709115151515187
0.4011304375000001,0.4871694545454545
0.4011327500000001,0.48723387878787855
0.4011298125000001,0.4872843636363634
0.4011271874999999,0.4873248484848487
0.4011125624999998,0.4873525454545454
0.401085625,0.4873644242424244
0.4010540625000001,0.4873679393939394
0.4010165,0.48736951515151505
0.40096999999999977,0.48736957575757595
0.4009223125000001,0.4873675151515153
0.4008681875000001,0.4873619393939391
0.40079775000000006,0.48735339393939364
0.40071525,0.4873314545454548
0.4006245,0.48729848484848504
0.4005254375000001,0.4872566060606062
0.40041737500000013,0.48721284848484836
0.40030312500000004,0.4871627272727272
0.40018643749999994,0.48711163636363636
0.40006199999999986,0.48706036363636385
0.39992743750000004,0.4870030909090908
0.3997928124999998,0.48694442424242457
0.3996629999999998,0.48688751515151557
0.3995311874999998,0.48682860606060596
0.3993913125,0.486762606060606
0.39925431249999976,0.4866894545454546
0.3991358124999998,0.4866427272727274
0.3989697499999999,0.4865443030303031
0.3988276875000003,0.4864702424242424
0.3986837500000002,0.4864030909090911
0.3985309375,0.48633436363636345
0.398374125,0.48626412121212115
0.3981983750000001,0.4861611515151515
0.39801650000000005,0.48604654545454534
0.39782531250000003,0.4859293333333337
0.39762262500000023,0.48580569696969705
0.39741268749999986,0.4856769090909091
0.3971923124999998,0.4855493333333335
0.3969578749999997,0.48541642424242426
0.39670887499999985,0.4852731515151517
0.3964466875,0.4851156363636364
0.396161875,0.48494212121212105
0.39585493750000006,0.4847533939393941
0.39553593749999993,0.48454666666666646
0.3952066874999999,0.4843291515151517
0.39486531249999984,0.4841041212121212
0.3945149374999998,0.4838711515151516
0.394154,0.48362406060606067
0.3937776875000002,0.4833644848484848
0.39338281249999985,0.4830908484848485
0.3929821874999999,0.48280612121212113
0.3926003749999999,0.48253212121212113
0.3921921250000001,0.4822361818181818
0.3917571250000001,0.48191999999999974
0.3913032499999999,0.4815851515151515
0.39083093749999986,0.48123533333333324
0.3903344999999999,0.4808693333333334
0.389805625,0.4804603636363639
0.38928300000000016,0.4800586060606058
0.3887341875,0.4796387878787879
0.38816312499999994,0.47919733333333353
0.3875767499999999,0.47873703030303033
0.38698106249999975,0.4782567878787878
0.38636693749999995,0.4777617575757575
0.3857373125,0.47725709090909113
0.3850943125000001,0.4767410909090909
0.38443506249999965,0.4762143636363638
0.3837620625000003,0.47567666666666664
0.3830836249999998,0.4751181212121213
0.38239212499999975,0.47454333333333326
0.3816831875000001,0.4739562424242423
0.380961125,0.47335781818181816
0.380224,0.4727586666666668
0.3794871875,0.47216915151515176
0.37876131250000006,0.47158721212121224
0.3780416875000001,0.47100793939393926
0.3773325000000001,0.4704340606060606
0.3766345624999999,0.469866606060606
0.375936,0.4693113333333333
0.37523943749999994,0.4687848484848485
0.37455993750000005,0.46828460606060623
0.373887875,0.4678061818181817
0.37319106249999984,0.46732793939393946
0.37250593749999994,0.4668690303030304
0.3718356250000001,0.4664314545454547
0.37116725,0.4660103030303029
0.37051187499999994,0.4656069090909092
0.369877625,0.4652203030303031
0.3692493749999999,0.46484812121212166
0.3686134374999999,0.4644821212121213
0.3679830624999999,0.4641286666666668
0.36735793750000006,0.4637892121212119
0.36673249999999985,0.4634521818181822
0.36610231250000014,0.46311309090909114
0.3654640624999997,0.46276260606060615
0.3648111875000001,0.46238739393939365
0.3641610624999999,0.4620016969696968
0.36348106249999995,0.46155739393939405
0.3627874375,0.4610713333333335
0.36207524999999996,0.4605623636363639
0.3613136874999999,0.45998333333333297
0.3605254375000001,0.4593528484848484
0.35970206250000003,0.4586777575757576
0.3588520000000001,0.45795454545454517
0.35796637499999995,0.45717248484848516
0.35702818749999976,0.4563314545454545
0.35603793749999996,0.4554316969696969
0.35499024999999995,0.4544659393939392
0.35387031250000023,0.45343454545454553
0.3526677500000001,0.45233006060606035
0.35138912499999997,0.4511513939393938
0.34999393749999996,0.4498563636363639
0.3485019375000001,0.44847921212121195
0.34688887500000004,0.44697860606060613
0.34515156250000006,0.44535654545454545
0.3432722500000001,0.4435976363636364
0.3412322499999999,0.4416750909090906
0.3390435625000001,0.4396092121212119
0.3367042500000001,0.4374038787878787
0.3342159375000001,0.435061212121212
0.3315546250000001,0.4325422424242423
0.3287406249999999,0.4298826060606062
0.3257571875000001,0.4270512727272729
0.32259456250000007,0.4240259393939394
0.31928137500000003,0.4208446060606061
0.31581325000000005,0.41749218181818176
0.3122039375,0.41397260606060615
0.30843756250000015,0.41026975757575773
0.3045506875000001,0.40644109090909086
0.300539,0.40247800000000006
0.29639668749999987,0.39835484848484876
0.2921986875,0.39416884848484857
0.28793499999999983,0.38989454545454544
0.2836335,0.3855513333333334
0.27929418749999996,0.3811486060606061
0.2749461874999999,0.3767303636363635
0.2706019999999999,0.3723003030303031
0.2662788749999999,0.3678766666666667
0.26198731249999996,0.36347248484848504
0.25772862500000004,0.35908993939393946
0.25354274999999993,0.35476690909090947
0.2494363750000001,0.35051163636363636
0.24543207499999994,0.34635551515151497
0.24152011875,0.3422691515151516
0.23772419374999992,0.3382875757575757
0.23404122500000007,0.3344104848484847
0.2304860374999999,0.3306522424242425
0.22709441249999998,0.3270513939393939
0.22385210625000013,0.32359866666666665
0.22073870000000007,0.3202777575757576
0.2177593,0.3170956363636362
0.21493676250000004,0.3140981212121212
0.2122498,0.31123739393939387
0.20971069999999994,0.3085223030303031
0.20733356874999997,0.30598357575757573
0.20508664375,0.3035815757575758
0.20296834374999997,0.30132448484848484
0.20096849999999994,0.2992149696969698
0.19908700000000001,0.2972440606060605
0.1973204624999999,0.2953962424242425
0.19566431250000008,0.29365769696969685
0.19414513124999988,0.2920686060606061
0.19270758750000003,0.29056206060606066
0.19136196874999994,0.2891743636363635
0.19010804375,0.2879078787878789
0.18894261250000008,0.2867501818181818
0.18784868125000004,0.2856713333333333
0.18683708749999994,0.2846737575757576
0.18589453750000004,0.2837467272727272
0.18501388124999998,0.28289496969696964
0.18421563750000003,0.28213430303030274
0.1834867125,0.28144709090909087
0.18280256875000006,0.2808061212121213
0.18216795000000002,0.280221515151515
0.18157248125000006,0.2796810303030304
0.18103088125000005,0.27919999999999995
0.1805306125,0.2787675757575757
0.18007338124999997,0.27838563636363656
0.17965187500000007,0.27804490909090906
0.17926379374999998,0.27773781818181803
0.17891777500000008,0.27748460606060577
0.17860935624999985,0.2772721212121211
0.17834603125,0.2770924242424242
0.17811922500000005,0.2769432121212122
0.17792813124999998,0.2768370909090909
0.17776518125000002,0.2767632727272729
0.17762114374999993,0.27672163636363634
0.1775025874999999,0.2767204848484846
0.17740768749999997,0.2767431515151516
0.17733802500000004,0.2767926666666666
0.17729734375,0.2768734545454545
0.1772935374999999,0.2770043030303031
0.1773011750000001,0.27715745454545454
0.17734394375,0.2773627272727271
0.17742183125000008,0.2776032727272728
0.17752766250000007,0.2778629090909088
0.17766949999999998,0.2781589696969696
0.17785046250000003,0.27849715151515175
0.17806951875000004,0.2788841818181819
0.17832173125000006,0.279309515151515
0.17862011875000003,0.2797919393939393
0.17896382500000002,0.2803381818181819
0.17934529375000002,0.2809327878787877
0.17977157500000002,0.2815897575757575
0.18023633125,0.28230078787878804
0.18075623750000008,0.2830763030303032
0.18131749375,0.2838895151515152
0.18191460624999997,0.28474351515151497
0.18255493124999994,0.28563872727272727
0.18324567499999994,0.2865841818181819
0.18397521249999998,0.28757503030303055
0.18474280625000009,0.28860503030303025
0.18555230000000003,0.2896659393939393
0.18639540624999995,0.2907594545454543
0.18727165625000006,0.2918938181818182
0.18817729374999997,0.29305890909090904
0.18909724374999998,0.2942517575757576
0.19002922499999994,0.2954756363636363
0.19098039999999994,0.29671884848484836
0.19195482500000005,0.29798830303030316
0.19294819375,0.2992781818181816
0.1939614875,0.30057563636363627
0.19498234375,0.30187733333333344
0.19600846874999997,0.30318987878787873
0.19705678125000006,0.3045160606060608
0.1981194062500001,0.30584860606060593
0.19918426875,0.30718824242424225
0.20026083749999996,0.3085393333333334
0.20134135624999994,0.3098949696969697
0.20241916875000004,0.311254909090909
0.20351403125000006,0.3126397575757577
0.20461380625000003,0.31402381818181824
0.20570979374999995,0.31539187878787905
0.2068107125000001,0.31676503030303027
0.20790659375000012,0.3181342424242425
0.20900789374999995,0.3194941212121213
0.21011529375000002,0.3208480606060606
0.21122446250000002,0.3222014545454546
0.2123464562500001,0.3235576969696969
0.21347218749999994,0.3249154545454546
0.21459035624999995,0.3262660606060606
0.21571210000000005,0.3276013333333333
0.21683658125000002,0.3289249696969697
0.21795775000000006,0.33023696969696975
0.21907729999999992,0.33154369696969677
0.220188325,0.3328407272727273
0.22127790000000003,0.334114121212121
0.22238787500000007,0.33540375757575763
0.2235045999999999,0.33668739393939384
0.22461726875000002,0.33796527272727245
0.22572200000000006,0.33923321212121205
0.22681624374999995,0.3404942424242425
0.2278945812499999,0.3417497575757575
0.22896534374999988,0.3430038181818185
0.23003736874999997,0.344249393939394
0.2310975875,0.3454784242424241
0.2321433937500001,0.346697090909091
0.23318550624999998,0.347905090909091
0.23421550000000005,0.3491024848484851
0.23523354999999987,0.35029181818181826
0.23624834999999994,0.35146890909090894
0.23725315625000012,0.3526307878787878
0.23824861874999992,0.3537853333333335
0.23924171875000008,0.3549381818181819
0.2402209062500001,0.35607890909090906
0.24119213124999997,0.35720454545454544
0.24216224999999988,0.3583181212121212
0.24312268749999996,0.35941430303030286
0.24407199999999993,0.36049218181818193
0.24500831249999977,0.36155981818181804
0.24593256249999973,0.36261490909090877
0.24685018750000012,0.3636504848484849
0.24775318750000008,0.364672
0.2486445000000001,0.36568163636363615
0.24953149999999996,0.36668199999999984
0.25040525,0.36767078787878765
0.251272375,0.3686521818181817
0.25214950000000014,0.3696378181818181
0.25300075000000005,0.37059490909090914
0.25384175,0.37154696969696954
0.2546722500000001,0.37249569696969687
0.25548693750000007,0.37343660606060597
0.25628793749999995,0.3743613939393939
0.2570694375,0.37525242424242394
0.2578541250000002,0.3761533333333334
0.25862724999999986,0.37704363636363625
0.25939593749999995,0.37792757575757574
0.26014412500000017,0.37879278787878773
0.2608858749999998,0.37965406060606044
0.26162187500000006,0.3805046666666666
0.26236487499999994,0.3813686666666667
0.26310206249999996,0.3822221212121214
0.2638193750000001,0.38304181818181826
0.2645453124999999,0.3838711515151514
0.2652629999999999,0.3846836363636364
0.2659729375,0.3854816363636362
0.26666862499999994,0.3862607272727273
0.2673375000000001,0.3870130909090909
0.26800599999999974,0.3877698787878789
0.26868125000000004,0.38854484848484844
0.2693474374999999,0.38931490909090916
0.2700074375,0.3900779999999999
0.2706538125000001,0.3908260000000002
0.2712805625,0.3915421818181817
0.2719039374999999,0.39224787878787853
0.272532,0.39295915151515154
0.2731389375,0.39363363636363635
0.2737379374999999,0.3942882424242423
0.2743424374999998,0.3949570303030299
0.27493781250000005,0.39562896969696976
0.27552625000000003,0.39629151515151495
0.2761021250000001,0.3969401818181817
0.2766583124999999,0.39757745454545446
0.2771956875000001,0.3981992121212124
0.2777331249999999,0.39883812121212114
0.27825725000000007,0.39945484848484863
0.27878293749999994,0.40006327272727277
0.2792911249999999,0.40063787878787893
0.2798204375000002,0.4012280000000001
0.28032618749999993,0.40179690909090904
0.28084431249999997,0.4023924242424243
0.2813428125,0.40294206060606075
0.28185950000000004,0.4035107878787876
0.282387125,0.40408993939393917
0.28289656250000006,0.40463999999999994
0.28338812499999994,0.40518521212121233
0.28386199999999995,0.4057230303030302
0.284327125,0.4062455151515153
0.28483043750000003,0.4068100000000002
0.28532412499999976,0.4073668484848485
0.2857866875,0.40788581818181796
0.28625687499999974,0.4084157575757577
0.28670481250000013,0.40892618181818174
0.28714206249999985,0.4094336969696969
0.2875830625,0.409957212121212
0.28801418749999985,0.410473090909091
0.2884263750000001,0.4109644848484849
0.28885637499999994,0.41147309090909095
0.28927925,0.4119678787878789
0.2897021250000001,0.4124647272727269
0.29011750000000014,0.4129560000000002
0.2905184999999998,0.4134404848484848
0.29090368750000006,0.4139164848484848
0.2912838125,0.4143901212121209
0.29166368750000005,0.41485781818181805
0.29203900000000005,0.4153103636363637
0.29240381249999997,0.41574987878787906
0.292759,0.416176909090909
0.29311556250000004,0.4166226666666666
0.29344424999999974,0.41705042424242417
0.2937943125000001,0.41749121212121204
0.2941305625000001,0.4179058181818181
0.294482125,0.41835054545454536
0.2948123125,0.41875096969696973
0.295139,0.4191381212121211
0.2954553125,0.4195093333333334
0.29576318749999997,0.4198653939393938
0.29606406249999995,0.4202216969696972
0.29635975,0.42059636363636355
0.2966206875,0.4209401818181819
0.29688181249999973,0.4212763636363636
0.297148125,0.4216231515151515
0.29738562499999993,0.42194042424242423
0.2976184375,0.4222381818181816
0.29786450000000003,0.42254715151515126
0.2981050000000002,0.4228411515151515
0.2983402499999999,0.42310951515151485
0.2985696874999999,0.4233749696969697
0.29878625000000014,0.4236401818181815
0.2990198124999999,0.4239377575757577
0.29924031249999994,0.42421818181818194
0.29945900000000014,0.42449212121212115
0.29967325,0.4247684848484847
0.2998703124999999,0.4250414545454546
0.3000575625,0.42530248484848465
0.30023668749999977,0.42556169696969715
0.3004144375000001,0.42583060606060624
0.30058737500000005,0.42607830303030314
0.3007491875,0.42631042424242427
0.300869125,0.42650836363636374
0.30097512499999984,0.42669084848484845
0.3010670625000003,0.42686569696969723
0.301142625,0.427034
0.3012196249999998,0.4271874545454546
0.3012834375,0.4273099393939393
0.30134837500000017,0.42744193939393926
0.30137937499999984,0.42754806060606065
0.3013969375000001,0.4276528484848484
0.30139612499999996,0.4277367878787879
0.30139974999999997,0.4278266060606062
0.3013950624999999,0.42788624242424234
0.30140125000000034,0.4279508484848486
0.3014071874999999,0.42800472727272715
0.30139925000000006,0.42803551515151467
0.30140768750000013,0.4280989090909089
0.30139881249999995,0.4281344242424243
0.30139718750000005,0.4281757575757575
0.30140231250000005,0.4282249090909092
0.301426375,0.42828587878787877
0.30148443749999987,0.4283770909090908
0.30154268749999996,0.42846642424242437
0.3016065625,0.42856036363636385
0.30168156250000006,0.42867793939393956
0.3017349374999999,0.42876787878787875
0.3018025000000001,0.42888060606060596
0.3018530624999999,0.4289915757575758
0.3018961875,0.42908915151515165
0.30191481249999996,0.4291418181818181
0.30192318750000025,0.42919933333333343
0.3019245624999999,0.42924927272727276
0.30195262500000003,0.42932909090909105
0.3019550625,0.42938824242424256
0.3019506250000001,0.42943981818181826
0.30194581250000013,0.4294724242424242
0.3019166250000001,0.429479393939394
0.3018791249999999,0.42950012121212106
0.3018025625000001,0.4294933939393941
0.3017385,0.42952945454545455
0.3016364375,0.4295303030303032
0.30152493750000003,0.42952363636363633
0.301406375,0.42949115151515144
0.30126874999999986,0.4294192727272727
0.301115125,0.42933424242424223
0.3009417500000001,0.4292298181818185
0.30075668750000006,0.4291135151515151
0.30055931250000006,0.4289832121212121
0.30036725000000003,0.4288664242424242
0.30016106250000024,0.4287224242424243
0.2999521875000001,0.42859563636363607
0.29972243749999994,0.42847945454545455
0.29946081249999995,0.4283358181818184
0.2991728125,0.42817599999999983
0.29888706249999997,0.42803466666666656
0.29857387499999993,0.4278555757575758
0.29826743749999995,0.42770048484848483
0.29793287500000004,0.42751230303030313
0.2976170625,0.4273474545454546
0.2972759374999999,0.42717115151515167
0.2969455,0.4270135151515152
0.29662600000000017,0.4268684848484848
0.2962922499999999,0.4267084848484849
0.29594018749999995,0.4265027272727275
0.2956010625000001,0.4263006666666667
0.29525424999999994,0.42609260606060584
0.29491218750000003,0.4258885454545456
0.2945744374999998,0.42567836363636363
0.29424368749999985,0.42546466666666655
0.29392106250000005,0.4252454545454546
0.29358275,0.424972606060606
0.29326293749999993,0.4246993333333335
0.2929474374999999,0.42441442424242415
0.2926038125000001,0.4240756363636363
0.2924271875,0.4239820606060606
0.2922311249999999,0.423874606060606
0.2917846875,0.42339763636363625
0.2913599375000001,0.42293945454545456
0.2909459375,0.42248921212121227
0.2905111875,0.4220080606060607
0.2901041875,0.42157575757575744
0.2897061250000001,0.4211569090909093
0.28931237499999995,0.4207343030303031
0.2889111249999999,0.4203115151515152
0.28852968749999997,0.41993969696969685
0.28815093750000015,0.41957890909090917
0.28779756250000005,0.41926775757575724
0.28747237500000006,0.4190052121212123
0.2871551250000001,0.4187633939393938
0.28684649999999995,0.41852042424242397
0.28660025,0.4183150303030304
0.28636518749999995,0.4181259393939394
0.28612875,0.4179310303030302
0.28589624999999985,0.41775424242424253
0.2856389374999999,0.41761854545454513
0.2853871874999999,0.4174996969696968
0.2851573125,0.41736787878787873
0.2849413125000001,0.4172488484848487
0.28473381249999996,0.417132606060606
0.28454856249999994,0.41704296969696997
0.28435400000000005,0.4169584242424242
0.28415706249999995,0.4168730303030302
0.28396562500000017,0.416782484848485
0.2837634374999999,0.4166866666666669
0.2835473124999999,0.4165930303030301
0.2831233750000001,0.4162102424242424
0.2825762499999999,0.4156579393939394
0.2821943125,0.41534406060606066
0.2817985,0.41500654545454563
0.2813920625000001,0.41464618181818186
0.28098999999999996,0.4142763636363635
0.2805628750000001,0.41389424242424255
0.280110125,0.41350151515151523
0.2796318125,0.41310272727272723
0.27913306250000003,0.41271842424242433
0.278655875,0.41232254545454555
0.27819893749999997,0.41191327272727263
0.27774875,0.41149218181818203
0.2773056250000002,0.41104412121212114
0.27688956249999996,0.4106253333333334
0.27647699999999986,0.4102287878787877
0.27604187499999994,0.40982672727272706
0.27560493750000015,0.4094330909090909
0.27515556249999984,0.40905006060606064
0.2747038125000001,0.408679818181818
0.27428450000000015,0.40831539393939403
0.27388281249999996,0.40796521212121234
0.2734988124999999,0.40764066666666676
0.27313975,0.40733127272727265
0.27281606250000007,0.40705260606060606
0.27249956249999996,0.4067736363636361
0.2722123125000001,0.4065011515151516
0.27193724999999996,0.40624696969696966
0.27164475,0.40602006060606066
0.2713552499999999,0.40580618181818195
0.27109506249999993,0.4056281818181821
0.2708545625000001,0.40547357575757587
0.2706335624999999,0.40530018181818195
0.2704301250000001,0.40514206060606056
0.27023549999999985,0.40502157575757564
0.27004799999999995,0.40491472727272754
0.26986750000000004,0.4048403030303031
0.2696891249999999,0.40475090909090883
0.26953412499999985,0.4046444242424242
0.2693791874999999,0.4045252727272727
0.26927068750000005,0.40443842424242427
0.2691785625,0.404362
0.26907662499999974,0.40431199999999995
0.2690045,0.40428315151515143
0.2689655624999999,0.40427290909090924
0.2689355625,0.4042788484848485
0.2689225625,0.4042918787878789
0.2688921874999999,0.4043182424242424
0.2688433750000001,0.4043835757575759
0.2688313750000001,0.40449933333333343
0.26882381250000004,0.40462290909090887
0.2688183125000002,0.4047226666666668
0.2688642500000001,0.40482284848484845
0.26892043750000016,0.4049258181818183
0.268987,0.4050418181818182
0.2690565625,0.4051804848484846
0.269128875,0.4053340606060608
0.26919325,0.4054906666666666
0.26924625,0.4056434545454547
0.2693153749999999,0.405795212121212
0.2693874999999998,0.40595224242424266
0.269465625,0.40612230303030317
0.2695490625,0.4063112121212119
0.2695968125,0.4064964848484847
0.2696325625,0.40668090909090904
0.2696719375,0.4068556363636362
0.2697035625,0.4070159393939394
0.2697343750000001,0.40716351515151494
0.2697568749999999,0.4073037575757577
0.26974437500000015,0.40744193939393913
0.2697393124999998,0.40760327272727287
0.26973543750000006,0.40775727272727275
0.26972587499999995,0.4078772727272726
0.26974900000000007,0.4080124848484848
0.26976881250000007,0.40813745454545436
0.26975650000000007,0.40824612121212134
0.269771125,0.4083826666666667
0.2698058124999999,0.40850957575757557
0.26986693749999996,0.40864527272727286
0.2699649375,0.40877490909090913
0.270068375,0.40888006060606086
0.2701343750000001,0.40892072727272727
0.270174,0.4089707878787877
0.27012499999999984,0.40898800000000024
0.27002175000000006,0.4089999393939393
0.26989618750000005,0.40899848484848494
0.2697708750000001,0.4090101818181815
0.2696164375000001,0.4089584242424241
0.2694663749999999,0.4088764242424244
0.26931993750000005,0.40878054545454545
0.2691273125000001,0.4086006666666666
0.26885306249999985,0.40831060606060593
0.26852050000000005,0.40798315151515147
0.2681438125000001,0.4075888484848485
0.2677293750000001,0.40716369696969673
0.2672715625000001,0.40667896969696943
0.26676187500000004,0.40616357575757556
0.26615500000000003,0.4055907878787878
0.26551868749999985,0.4049908484848486
0.264836125,0.40432303030303013
0.2641107500000001,0.40362406060606065
0.2634028125,0.4028703636363635
0.26259774999999996,0.401999393939394
0.2616720625000001,0.4010609696969697
0.2606878750000001,0.4000455757575758
0.25962775000000005,0.3989557575757577
0.2584988750000001,0.397858424242424
0.25731306249999986,0.3966809696969696
0.2560849375,0.39546690909090904
0.2547559375,0.39415630303030313
0.253332,0.3927289696969695
0.25175106249999996,0.39118963636363635
0.2500561875000002,0.3895981818181819
0.24826881249999994,0.3879224848484847
0.24639181249999997,0.38615854545454553
0.2444380000000001,0.3842740000000001
0.24239600000000006,0.3822408484848486
0.2401987375,0.37993406060606055
0.23790791250000004,0.37742503030303026
0.23549443749999993,0.3746586060606063
0.23288614374999983,0.37157060606060627
0.23003406875000004,0.36822757575757553
0.22698905625000002,0.364687393939394
0.2237437624999999,0.36085327272727263
0.22026413124999994,0.356780606060606
0.21668213124999997,0.35248284848484845
0.21296206250000008,0.3479560606060609
0.2090124624999999,0.3431639393939394
0.20484696875,0.33816666666666667
0.20047917499999998,0.3328907878787879
0.19586926250000003,0.32729751515151523
0.19106928750000007,0.32138036363636363
0.18609799999999982,0.31518
0.18097688125000005,0.30875709090909087
0.17576835625000004,0.30215551515151534
0.17052099374999996,0.2953818787878785
0.16525820625000004,0.2884132121212121
0.15999690625000007,0.28125381818181816
0.15474271250000007,0.2739577575757574
0.14951886874999998,0.26655321212121214
0.14434743750000006,0.2590791515151516
0.13916665625000002,0.2516221818181818
0.13407911874999995,0.2441817575757576
0.12913045625,0.23672303030303035
0.12431031875000002,0.22926442424242427
0.1196087625,0.22182557575757567
0.11503234375000009,0.2144244848484848
0.11062646249999994,0.20704618181818177
0.10642400624999995,0.19979842424242422
0.10235607500000003,0.1926669696969697
0.09837272499999997,0.18569546666666673
0.09456491250000001,0.17887730303030308
0.09095186249999998,0.17223630303030293
0.08748033124999999,0.1657949636363636
0.08421030000000009,0.15961063636363645
0.08119965624999997,0.1537047333333333
0.07831383750000001,0.14808029090909078
0.075519525,0.14276064242424244
0.07287561875000001,0.13777779393939385
0.07044087499999999,0.1330452666666667
0.068137625,0.1285581878787879
0.06599466875,0.12436746060606058
0.06402493125000001,0.12049635757575754
0.06215971250000002,0.11686674545454552
0.060443224999999975,0.11349460000000001
0.05892468562499999,0.11042947272727269
0.05751774625000002,0.1075915454545455
0.056223421875,0.10503234545454553
0.055033300937499995,0.10279816969696973
0.053952772874999985,0.10081104848484844
0.052953383062500005,0.09903895757575758
0.05203925,0.09752796969696967
0.051231679375000005,0.09623735151515152
0.050598777500000025,0.09511024848484849
0.050105111937500016,0.09418743636363637
0.04969698531249999,0.09345495757575759
0.04945838712500001,0.09283836969696972
0.04928957375000002,0.09229991515151516
0.049097108812500005,0.09188487272727275
0.048975853625,0.09152597575757565
0.04894384328124999,0.09123115151515145
0.04878608056249999,0.09150784242424237
0.04910746825000001,0.09222563636363633
0.049482111249999995,0.09298103636363639
0.049869171874999986,0.0937945878787879
0.05028185000000002,0.09465309696969695
0.050677848125,0.09554769090909088
0.05106743937500004,0.09647924242424238
0.05145469687500002,0.09745195151515153
0.05185051625,0.09843251515151515
0.052252950000000055,0.09942079393939396
0.05267675624999998,0.10041953333333334
0.05311015,0.1014540666666667
0.05356166250000003,0.10251046060606063
0.05405493749999999,0.1035863272727273
0.05457448124999997,0.10469547272727277
0.055111737500000015,0.1058409090909091
0.05566015625,0.10704018181818174
0.056217424999999974,0.10829161818181815
0.056807237499999996,0.1095537757575758
0.057379662499999984,0.11083011515151517
0.057930125,0.11212898181818184
0.058459831250000004,0.11345291515151515
0.05898955625000003,0.11481048484848484
0.059499881249999984,0.1162281878787879
0.06001966874999998,0.11766513333333332
0.060527543749999954,0.11907915757575754
0.061025087499999985,0.12050497575757571
0.061536068749999985,0.12194905454545456
0.06205135000000002,0.12339336969696965
0.06259166875000002,0.12487400000000003
0.06316045625000007,0.12637677575757572
0.06371687499999995,0.12790033939393936
0.06430783750000005,0.12943803636363643
0.06490343750000002,0.13098548484848477
0.06552242499999997,0.1325369272727273
0.06616160625000002,0.13407766060606063
0.06679250624999997,0.13561344242424236
0.06746306249999998,0.13716744242424242
0.06815940624999997,0.13873546060606054
0.06885345624999999,0.14032850303030303
0.06956178750000003,0.14193868484848488
0.07029209375,0.14354501818181808
0.07103948125000002,0.1451238242424242
0.07178916249999998,0.14669618181818178
0.07258698749999999,0.14826370909090902
0.07339217499999999,0.14983870909090907
0.07420260624999996,0.15143874545454547
0.07500667499999994,0.15303177575757568
0.07579881875000001,0.15462343030303033
0.07656169374999997,0.15621612121212125
0.07728165000000001,0.1577747333333334
0.07798106874999997,0.1593455333333334
0.07863146250000004,0.16094192121212117
0.0792497125,0.16255189696969702
0.07985973124999998,0.1641765818181818
0.08047136249999995,0.16582219393939404
0.08109669374999998,0.16747540606060593
0.08174763125000002,0.16912028484848482
0.08238342500000001,0.1707591393939394
0.08303557499999999,0.1723828787878787
0.08372889374999996,0.17398095757575754
0.08443961250000001,0.17556626666666658
0.08513948749999999,0.17714716969696978
0.08583460000000001,0.17872249090909084
0.08652703749999995,0.18028406666666677
0.08723019375000002,0.18184248484848495
0.08797948749999998,0.18339281818181818
0.08878307499999999,0.18494286666666673
0.08961570000000003,0.1864733151515152
0.09045948125000007,0.18799152727272725
0.09131985625,0.18949852727272729
0.092178475,0.19098704848484843
0.09300211249999997,0.1924638848484849
0.09379289999999998,0.19392652121212128
0.09457219999999997,0.1953870909090909
0.09530413125,0.19684985454545448
0.09605413124999998,0.19830860606060605
0.09683711249999996,0.19973545454545455
0.09762990000000002,0.20113969696969708
0.09847723124999999,0.20255048484848495
0.09936867499999998,0.20394545454545443
0.10024999374999996,0.20531933333333338
0.10112026250000002,0.20666066666666655
0.10197745624999999,0.208002181818182
0.10279514374999998,0.2093432727272726
0.10358806249999997,0.21071054545454543
0.10438156249999997,0.21210945454545452
0.10517006250000008,0.21350557575757567
0.10589491250000005,0.21487727272727283
0.10655487500000001,0.216234787878788
0.1072168,0.21753836363636364
0.10787455625000002,0.21881466666666674
0.10851934999999995,0.22007533333333332
0.10920196249999996,0.22128872727272714
0.10990689375000003,0.22245260606060616
0.11057594375000004,0.22360715151515154
0.11122538125000007,0.22475557575757585
0.11185305000000001,0.22589478787878794
0.11249679374999999,0.22702460606060615
0.11318126249999998,0.22814218181818188
0.1138568375,0.22922527272727272
0.11453370625000003,0.2302819393939393
0.11522772499999998,0.23131575757575756
0.11591539999999997,0.23230236363636364
0.11659089374999994,0.2332687878787878
0.1172287625,0.23424739393939387
0.1178515125,0.23521696969696965
0.11847089999999996,0.23619945454545455
0.11903885000000006,0.23718860606060604
0.11960927499999999,0.23816369696969697
0.12018386874999998,0.2391084848484847
0.12075351874999998,0.24003375757575754
0.12134060624999994,0.24095309090909087
0.12193398125000003,0.2418806060606061
0.12251084999999998,0.24279872727272728
0.12305070000000007,0.24370339393939397
0.12357493750000004,0.24459690909090903
0.12408176874999995,0.2455046666666665
0.12458753750000003,0.2464355151515149
0.12508793125000003,0.24735151515151513
0.12564337499999997,0.24825012121212128
0.12616169375000003,0.2491708484848484
0.12656955,0.2500919999999998
0.12697089375,0.2509858181818181
0.12736955625,0.2518529696969699
0.12773325,0.2527147272727274
0.12811421875000006,0.2535519393939395
0.1285552875,0.2543662424242424
0.1289332625,0.2551912121212121
0.12927566875000002,0.2560098787878788
0.12965581875000004,0.256820787878788
0.13009884374999997,0.25762969696969684
0.13059181249999996,0.258408
0.13113559375000003,0.2591621818181818
0.13170223124999997,0.25989696969696974
0.13228003124999996,0.26064993939393927
0.13284151249999998,0.2614232121212121
0.13331596875000004,0.2622407272727271
0.13375305625,0.2630610303030302
0.13420840624999994,0.2638948484848484
0.13464085624999994,0.2647209696969697
0.13503302500000003,0.2655151515151516
0.13545068124999993,0.266302909090909
0.13583104375000016,0.2670729696969697
0.13617300000000004,0.26783
0.13655645625,0.26858436363636357
0.13698752499999997,0.269316787878788
0.13742384375,0.27003824242424246
0.13784070624999997,0.27079424242424227
0.13826749374999994,0.2715866666666666
0.13868351875000004,0.27236272727272726
0.1390511125,0.2731041818181815
0.13946421875000004,0.27385751515151524
0.13986696875,0.2746049696969699
0.14014713749999994,0.27535181818181825
0.14044027500000006,0.2761196363636367
0.14073930624999997,0.2768996363636364
0.1410157,0.27764345454545464
0.1413042499999999,0.2783695151515152
0.14163235625000006,0.27907551515151513
0.14192024374999995,0.2797376969696969
0.14215390625000007,0.2804033939393941
0.14243829374999994,0.2810620606060607
0.14281018749999994,0.281710787878788
0.1431842125,0.28238587878787874
0.14356383125000002,0.28305836363636366
0.14397398125,0.2836946666666667
0.14437697500000007,0.2843256363636365
0.14482993125000004,0.28495551515151535
0.14527647499999993,0.28556381818181814
0.14559136875000003,0.28615260606060594
0.14585431874999993,0.28673145454545457
0.14610773125000004,0.2873426666666667
0.146388275,0.2879798181818184
0.14669249374999999,0.2886352121212122
0.14704266249999987,0.28927739393939395
0.1473808625,0.2898801212121211
0.14763044375000006,0.29045624242424245
0.14786829375,0.2910268484848485
0.14818143125,0.2915761818181819
0.14852678124999993,0.29212987878787877
0.14885722499999995,0.2926706666666666
0.14917906250000001,0.2932190303030303
0.14947068125000001,0.29375909090909097
0.1497459125,0.29431048484848504
0.15005756875000004,0.2948833333333334
0.15045660625000007,0.2954627272727272
0.15088007500000006,0.2960393939393937
0.15126111875000006,0.29661242424242423
0.1516401937500001,0.29714412121212114
0.15199441875000003,0.29767199999999994
0.15224613125,0.29822272727272725
0.15251981874999998,0.29877460606060596
0.15285305625000004,0.2992756969696972
0.15324305,0.29979927272727286
0.15364948750000007,0.30030060606060605
0.15407416874999993,0.30075266666666656
0.15447976250000006,0.3011819393939395
0.15483153749999998,0.3016548484848484
0.15522394999999992,0.30209539393939394
0.1556395875000001,0.3025123636363637
0.15604839375000004,0.30293369696969696
0.1564325437499999,0.30331993939393936
0.1567746625,0.3037108484848483
0.15706421250000002,0.3041481818181817
0.15730968124999997,0.30464975757575746
0.15755300625,0.30512721212121197
0.15783194999999997,0.30557842424242426
0.1581382999999999,0.305960909090909
0.15851277499999994,0.30632436363636356
0.15884996874999996,0.30666466666666675
0.15916926875000006,0.30699715151515145
0.15952315625000005,0.3073794545454544
0.15984378125000004,0.3077839393939394
0.16013483749999988,0.30817575757575766
0.16046108125000008,0.3085852727272726
0.16075168749999996,0.3089960606060606
0.16098762500000013,0.3094210909090909
0.1612341,0.3098530303030305
0.16156044375000003,0.3102788484848484
0.16190501875000002,0.3106715757575759
0.16222756874999997,0.31105636363636363
0.1625355,0.31148666666666663
0.16271907500000005,0.3119060000000001
0.16284868749999987,0.31234
0.16305373124999997,0.3127940606060603
0.16326049999999995,0.3132273333333333
0.1635002187499999,0.3136429696969698
0.1637640687499999,0.314061696969697
0.16403694374999997,0.3144738787878789
0.16432545000000004,0.3148938181818185
0.1646827,0.3153287878787881
0.16504994375,0.3157890909090909
0.1653961375000001,0.31627309090909084
0.16573913750000005,0.3167412727272727
0.1660433625,0.31717654545454566
0.16631434999999997,0.3175752121212121
0.16651846874999998,0.31798860606060614
0.16670573749999995,0.3184181212121211
0.16683920625000004,0.31882824242424257
0.16691706875000004,0.31924684848484847
0.1670552375,0.31967115151515146
0.16722923750000002,0.32010212121212095
0.16740239375000016,0.3205080606060606
0.16756873125,0.32086157575757573
0.16773523125000006,0.3211892121212122
0.16787096249999994,0.3215314545454545
0.16803399999999985,0.3218787878787878
0.16833247499999995,0.32225133333333345
0.16863086875000008,0.322634606060606
0.16887561250000002,0.3230166666666665
0.16914078749999992,0.32337636363636363
0.16944466874999983,0.3237541212121212
0.16978676250000002,0.3241331515151516
0.17018316875000006,0.324513696969697
0.17062044999999995,0.3248858181818183
0.17098032499999996,0.3252491515151513
0.17120329374999993,0.32560781818181816
0.17138634374999995,0.3259721818181818
0.1715716624999999,0.3262993333333332
0.17174579374999996,0.32664690909090904
0.17193258124999994,0.32698315151515156
0.17211075000000003,0.32728654545454544
0.17228566875000012,0.32758351515151524
0.17246317499999997,0.32789545454545455
0.17260154999999994,0.32818072727272746
0.1727674687500001,0.32844290909090906
0.17296226875000004,0.32870303030303005
0.17320366249999997,0.32897872727272737
0.17344188124999996,0.32922018181818186
0.17367310625000004,0.3294368484848485
0.1739395499999999,0.3296730909090909
0.17419811250000006,0.3299035757575757
0.17443266874999996,0.3301478787878788
0.17462423750000008,0.3303797575757575
0.17478983750000004,0.3305763636363636
0.17497707499999995,0.33072509090909097
0.1751424375,0.33085545454545456
0.17529265624999985,0.33098321212121196
0.17546117499999997,0.33111460606060605
0.17552973749999995,0.3311973939393939
0.17560158124999997,0.3312841818181821
0.17565454375000003,0.33136527272727273
0.17566626874999997,0.331454727272727
0.1756704750000001,0.33154587878787883
0.17567457499999992,0.3316124242424243
0.17564786250000003,0.3316524848484848
0.17559473749999993,0.3316648484848484
0.17552440624999996,0.3316093939393937
0.17543654999999986,0.331526303030303
0.17529659375000012,0.3314412727272727
0.17513855000000011,0.33136133333333345
0.17492446249999993,0.33123248484848483
0.17466541875,0.3310393939393938
0.17441976875,0.3307952727272727
0.17413169999999994,0.33053296969697
0.1737957812500001,0.33025315151515167
0.17346443749999987,0.3299919393939393
0.17312065000000015,0.3297019393939393
0.17273596249999995,0.3293717575757576
0.1723197875,0.3289801212121211
0.1718793374999999,0.3285443636363636
0.17141767500000005,0.3281108484848485
0.17100377500000008,0.3276550909090909
0.1705477250000001,0.32716399999999995
0.17004510625,0.326648606060606
0.16950700624999998,0.32611436363636354
0.16892832499999996,0.32556406060606063
0.16838206874999997,0.3249609696969698
0.16786505000000004,0.3243224848484847
0.16734164375000005,0.3236769090909092
0.16683920624999996,0.32302090909090925
0.166404,0.32237212121212105
0.16603148125000006,0.3217198787878787
0.16562580624999995,0.3209915151515151
0.16526123125,0.32023872727272706
0.16490423749999997,0.3195257575757578
0.16450610624999995,0.31883496969696973
0.16412396875,0.31817515151515136
0.16363903125000012,0.3174903636363635
0.16310656250000002,0.3168095757575758
0.16261406875,0.316119696969697
0.16207723749999997,0.31548987878787876
0.16157991874999994,0.3148797575757578
0.16110563125,0.31426921212121217
0.16055474374999995,0.3136777575757578
0.1599195375000001,0.3130905454545455
0.1592889875000001,0.31245036363636375
0.15871881249999997,0.3118140000000001
0.15815897500000006,0.3111981818181818
0.15762131875000002,0.3106314545454547
0.15712210625000014,0.3100775757575758
0.15664666249999998,0.3095353939393938
0.15620045625,0.30901842424242437
0.15580861875000004,0.3084439393939394
0.15549660000000004,0.3078487272727273
0.15514858750000002,0.3072681212121213
0.15480081250000005,0.3066995757575758
0.15452963124999997,0.30616248484848474
0.15420937500000004,0.3056972727272727
0.15389458125000005,0.3052406666666668
0.15363313125000005,0.30478406060606056
0.1531759937500001,0.30427563636363636
0.15257069374999999,0.3036584242424242
0.15193654375,0.3030490303030304
0.15129951875000008,0.3024769090909089
0.1507016,0.30187878787878775
0.15012765,0.3012854545454545
0.1495494062500001,0.3007680606060606
0.1489288312500001,0.3002074545454546
0.14830906874999994,0.2995926666666666
0.14768880625000005,0.29901933333333336
0.14702056874999997,0.2983960606060606
0.14639998124999998,0.29773763636363654
0.14581399999999994,0.2970621212121214
0.14522221875000002,0.2963768484848483
0.14467219374999998,0.29573539393939396
0.14415889375000007,0.2951379393939395
0.14364044374999996,0.29453636363636376
0.14319075,0.29399133333333305
0.14272661250000002,0.29345915151515156
0.14216113750000006,0.2928868484848487
0.14158345,0.2922655757575756
0.14110791250000002,0.29164278787878783
0.14056615625000002,0.2910337575757575
0.139895125,0.2904428484848485
0.13919878125,0.28985248484848486
0.13853950000000004,0.28919224242424235
0.13787510000000006,0.2884855757575757
0.137211675,0.2877707272727272
0.13661591249999996,0.28703824242424236
0.1360659250000001,0.28636921212121214
0.13557053125,0.285732909090909
0.13511812499999995,0.2850866060606062
0.13465503124999995,0.2844461818181818
0.13422051875000005,0.2837647272727273
0.13376335624999997,0.28304884848484835
0.13335688124999995,0.2822644242424241
0.1329715875,0.28147854545454537
0.13255106249999996,0.28079593939393943
0.13213166875,0.28016381818181824
0.13171303749999994,0.27946848484848497
0.13125812499999995,0.2787607272727273
0.13083589999999998,0.27798945454545465
0.13027926875000007,0.2772007272727273
0.12969973125,0.2765184848484848
0.1291518375,0.27594696969696964
0.12854431249999998,0.2754611515151516
0.12799606874999997,0.2749693333333333
0.12747479375,0.27446733333333306
0.12695729999999997,0.2739623636363637
0.12640543125000003,0.27343478787878783
0.12576503750000004,0.2728350303030303
0.12518285000000004,0.2721252121212124
0.12460309999999997,0.27130424242424245
0.12395941250000005,0.2704864848484849
0.12336989374999999,0.2696418181818181
0.12283741874999995,0.2688213333333332
0.12234900624999996,0.2681447272727275
0.12188614999999994,0.2674907878787879
0.12150208125000003,0.2667571515151516
0.12116091249999994,0.26587472727272715
0.12069658750000004,0.26494503030303046
0.12020475624999997,0.26404248484848486
0.119692775,0.26312296969696974
0.11911238124999994,0.2622173333333333
0.11853443750000008,0.2613348484848486
0.11801307499999995,0.2604856363636364
0.11740768125000003,0.25965696969696955
0.11670316250000001,0.25878878787878795
0.1159420125,0.2578244242424243
0.11513426250000003,0.25681600000000004
0.11427910625,0.25579775757575757
0.11358154375000003,0.25484521212121203
0.11299565624999999,0.25403072727272696
0.11245309999999997,0.2532194545454544
0.11187937499999998,0.2522944242424242
0.11131313125000002,0.2512604848484848
0.1107513,0.25019145454545444
0.11024708750000001,0.24906678787878794
0.10979938750000003,0.24793490909090915
0.10938341874999993,0.2470037575757575
0.10898507500000001,0.24614315151515154
0.10857892500000002,0.24519945454545444
0.10814809374999998,0.24437878787878792
0.10774651875000005,0.24357696969696982
0.10725236249999999,0.24280448484848483
0.10680600625,0.2421998181818182
0.10630987499999993,0.24141896969696966
0.10581570000000003,0.2406504242424243
0.10524483124999999,0.23986030303030287
0.10462750625000002,0.23900272727272734
0.10403075625,0.23816660606060616
0.10336668749999996,0.23732993939393934
0.10258925625000001,0.23647193939393937
0.10184182500000001,0.23575151515151493
0.10130590000000002,0.2349552121212122
0.10086672499999998,0.23413903030303032
0.10055893125000004,0.233368484848485
0.10047730624999993,0.23265006060606058
0.10011623750000007,0.23201375757575757
0.09952044375000005,0.23132503030303042
0.09886238749999998,0.23049424242424257
0.09825881875,0.2295872121212121
0.09762188125000003,0.22874387878787883
0.09690084375,0.2279358181818182
0.09605680750000005,0.22720521212121209
0.09512365249999995,0.22649060606060606
0.09408466375000002,0.22569315151515149
0.09303650687500001,0.22482048484848474
0.092093501875,0.22396836363636358
0.09118296437500004,0.22309315151515147
0.09034884937500001,0.22230993939393942
0.08962319500000002,0.22149599999999997
0.08893930812499999,0.22060710303030298
0.08836929312500001,0.2197454303030303
0.08773503624999998,0.21883304848484844
0.08672089362499999,0.21790793333333341
0.08558233750000001,0.21697666666666676
0.08430348437500002,0.2160827939393939
0.08312088781250004,0.2150942727272727
0.0820950365625,0.2140573696969697
0.08130443956249998,0.21291351515151524
0.08067094931250002,0.21176053939393938
0.07978952437499999,0.21089909696969703
0.07882448437499998,0.21021390909090906
0.07790582937499999,0.20925323636363632
0.07716999312499999,0.20831418181818176
0.07659310187499999,0.20722380606060586
0.076012384375,0.20599072121212122
0.07520884687499998,0.20464319393939406
0.07414719624999996,0.20323281212121208
0.07307519874999999,0.2017198424242425
0.07208123875000001,0.20004038787878783
0.07118900750000001,0.1984602787878788
0.0705906548125,0.19696185454545453
0.07000089375000002,0.19551973333333347
0.06948779249999996,0.19419245454545464
0.06869722624999999,0.19272011515151513
0.06788358374999999,0.19083881818181825
0.0670719389375,0.18889713333333327
0.06625187500000004,0.18697270909090916
0.06545004687499997,0.18507934545454535
0.06478569468749995,0.18335487272727266
0.06423376799999996,0.1816892545454545
0.06386489425,0.18024133333333336
0.06351173731250005,0.17867584848484844
0.06313906500000001,0.1771301696969696
0.0625798075,0.17540348484848495
0.06192974875000001,0.17353167272727263
0.06145813125000001,0.1716808484848485
0.061070088749999994,0.17002201818181814
0.06083798625,0.16849072727272726
0.060556908124999996,0.16697791515151522
0.05976868937499998,0.16559943030303034
0.058883829875,0.1642002848484849
0.058003884625000016,0.1626985393939394
0.057256911875,0.1610723454545455
0.05652407074999999,0.1591350909090909
0.05572476125000001,0.15731637575757573
0.05467634090625002,0.15548484848484853
0.05381875124999998,0.15354218787878787
0.05301735937499998,0.1517961496969697
0.052183679375,0.1501404969696969
0.051039384249999986,0.14817619393939402
0.05007143856249998,0.1461344121212122
0.0492766829375,0.14393296242424253
0.048625484999999996,0.1419164975757576
0.04814539481249999,0.14013639696969704
0.047491540231250004,0.13847683272727274
0.04654288375000001,0.13690185515151518
0.045797233062500005,0.13514013878787873
0.04541355675000001,0.1332493721212121
0.04533618106249999,0.13171099696969693
0.0448924998125,0.13042366341212128
0.04435028225,0.12917444545454543
0.04408956156249998,0.12809143636363635
0.04417475324999999,0.12681074545454543
0.04376510459999998,0.12508622787878781
0.0434885438125,0.12258656909090916
0.043481210625,0.11993516424242427
0.043214587375,0.11732352303030306
0.043071561125000005,0.11565427878787879
0.0430605775,0.11441282545454548
0.04294365770000002,0.11294380206060606
0.04287110500000001,0.11147078969696969
0.04278999143749999,0.11018852424242426
0.0426807620625,0.10851838848484849
0.04226260087500001,0.10687585636363638
0.04230860062499999,0.1055426149090909
0.04283777524999999,0.10431469757575755
0.07827150687499997,0.11305907212121216
0.08343558687500002,0.11341847193939406
0.08889250655625,0.1153727466666666
0.0840521496875,0.11442439818181817
0.07998601968750003,0.11509863448484853
0.082215433125,0.11555845303030302
0.083369565,0.11057786181818179
0.08529540687500003,0.10764952121212125
0.08004561324999998,0.11269147090909079
0.076913885,0.11187893757575756
0.08025327187499999,0.11502757393939388
0.08254417300000003,0.11208652382242427
0.08882355387500004,0.11408315030303028
0.08819632250000001,0.11246814999999998
0.08643477681249999,0.11823544624242432
0.09012438562499996,0.12148617078787881
0.11712961062499991,0.12973367424242416
0.11360107774999999,0.13510189696969696
0.09775431581250002,0.1402923442424243
0.10573259531249997,0.14569852896969693
0.1196934456250001,0.1503098606666666
0.12576395187500003,0.14199966666666672
0.11580083250000002,0.13608953030303034
0.11807808471875007,0.14351071818181824
0.12173583562499997,0.14307939575757575
0.11707985562499992,0.14325806848484837
0.12794930687500006,0.17148116545454542
0.13325829906250009,0.17429534660606066
0.13806566625000002,0.1525564663030303
0.14902172875000003,0.15489414418181824
0.1589942240299999,0.1786938727272727
0.1538990408125,0.17639239624242425
0.17475213750000002,0.1922820806060607
0.17758150212499993,0.19661416254545447
0.17126487375,0.2048817053333333
0.18528036131250003,0.19070828060606065
